Product_Name,Product_ID,Price,Description,Stock,Category,Popularity,Image_path
BABOR HSR Glamour Lifting,1,98,,21,Mod,9,
CIPROFLOXACIN HYDROCHLORIDE,2,592,Tayassu pecari,16,Mod,6,
Vytorin,3,740,,72,Liquid,7,
Germ Safe,4,176,Estrilda erythronotos,70,Mod,9,
Good Neighbor Pharmacy Sleep Time,5,937,Globicephala melas,36,Mod,1,
Chicken,6,669,Melanerpes erythrocephalus,45,Mod,2,
OXYGEN,7,200,,1,Booster,9,
Pravastatin Sodium,8,120,Uraeginthus granatina,66,Battery,6,
Bodycology,9,897,,49,Pod,7,
"Butalbital, Aspirin, Caffeine and Codeine Phosphate",10,198,Dusicyon thous,35,Mod,2,
Ondansetron,11,479,Centrocercus urophasianus,75,Mod,3,
Fluvoxamine Maleate,12,758,Spermophilus tridecemlineatus,51,Atomizer,10,
ShopRite Nasal Decongestant,13,769,Zosterops pallidus,78,Booster,9,
Isopropyl Alcohol,14,923,Lasiodora parahybana,45,Battery,1,
ACT Total Care Sensitive Anticavity Mint Mouth,15,48,,24,Liquid,9,
Ofloxacin Otic,16,94,Ovis dalli stonei,62,Battery,1,
Right Guard Sport I.S. Antiperspirant Deodorant Active,17,604,,91,Atomizer,6,
Mung Bean,18,257,,9,Atomizer,2,
Indomethacin,19,563,Bubalus arnee,24,Mod,6,
bareMinerals Prime Time BB Primer Daily Defense Broad Spectrum SPF 30,20,618,Phoenicopterus chilensis,70,Battery,6,
FLURESS,21,712,Bassariscus astutus,57,Liquid,10,
Sleep RELIEF,22,809,,9,Battery,2,
Ketorolac Tromethamine,23,824,Bugeranus caruncalatus,55,Booster,8,
Cyclobenzaprine Hydrochloride,24,241,Pelecans onocratalus,0,Battery,9,
Saniquat Foaming hand sanitizer,25,785,,76,Coil,2,
Menstrual Relief,26,136,Cebus apella,73,Atomizer,8,
Clonazepam,27,364,Pedetes capensis,50,Atomizer,8,
Oxcarbazepine,28,966,Eutamias minimus,72,Liquid,3,
Skin Firm Lipoamino hydrator SPF 15,29,481,,16,Atomizer,7,
Pleo San Trich,30,378,Ratufa indica,36,Atomizer,5,
Eve Lom Radiance Lift Foundation SPF 15,31,975,,37,Mod,1,
Famotidine,32,732,Balearica pavonina,78,Pod,3,
PRENATE Enhance,33,426,Drymarchon corias couperi,32,Mod,10,
Prandin,34,33,Oryx gazella,69,Battery,10,
Cytomegalovirus Remedy,35,631,,75,Mod,10,
Anticoagulant Citrate Dextrose A,36,88,,9,Liquid,3,
CALM DYNAMICS GENTLE HYDRATING DAY,37,637,Libellula quadrimaculata,70,Booster,1,
Isosorbide Dinitrate,38,824,,25,Coil,6,
Citalopram,39,720,,32,Battery,9,
CLINIMIX,40,757,Ammospermophilus nelsoni,76,Battery,3,
BP Wash,41,694,Callorhinus ursinus,21,Mod,5,
Furosemide,42,222,Dusicyon thous,49,Atomizer,6,
Total Uranium,43,120,,55,Atomizer,9,
sumatriptan succinate,44,707,,25,Pod,1,
Losortan Potassium,45,745,Lybius torquatus,52,Booster,1,
Trichoderma harzianam,46,224,,13,Booster,4,
Zaliex Alcohol-Free Foaming Hand Sanitizer,47,771,,57,Mod,1,
Oxycodone and Acetaminophen,48,371,Butorides striatus,99,Coil,8,
RelCof-C,49,443,,25,Booster,4,
Benazepril Hydrochloride and Hydrochlorothiazide,50,358,Halcyon smyrnesis,86,Atomizer,5,
